{
    "achievements_enabled": false, 
    "alternate_url": "", 
    "author": "alex_pof", 
    "author_link": "https://www.mochimedia.com/community/profile/alex_pof", 
    "categories": [
        "Board Game", 
        "Education", 
        "Other", 
        "Puzzles"
    ], 
    "category": "Puzzles", 
    "coins_enabled": null, 
    "coins_revshare_enabled": null, 
    "control_scheme": "{\"fire\": \"na\", \"jump\": \"na\", \"movement\": \"na\"}", 
    "controls": [
        [
            "fire", 
            "na"
        ], 
        [
            "jump", 
            "na"
        ], 
        [
            "movement", 
            "na"
        ]
    ], 
    "created": "2010-03-04T13:37:29-08:00", 
    "description": "Earn as many points as you can by finding as many words as possible. For bonus points try and find words that appear on the bonus word list. Any word you find will earn you points, but words from the bonus list will earn you even more!", 
    "developer": "alex_pof", 
    "developer_url": "https://www.mochimedia.com/community/profile/alex_pof", 
    "feed_approval_created": "2010-04-07T14:44:09-08:00", 
    "game_tag": "4c2200adacb521c9", 
    "game_url": "http://www.mochimedia.com/games/extreme-crossword-2", 
    "height": 400, 
    "instructions": "Space or Check Word button to Spell check word", 
    "key_mappings": "", 
    "languages": [], 
    "leaderboard_enabled": true, 
    "metascore": 63.4, 
    "name": "Extreme Crossword 2", 
    "rating": "Everyone", 
    "recommendation": 3, 
    "recommended": false, 
    "resolution": "600x400", 
    "screen1_thumb": null, 
    "screen1_url": null, 
    "screen2_thumb": null, 
    "screen2_url": null, 
    "screen3_thumb": null, 
    "screen3_url": null, 
    "screen4_thumb": null, 
    "screen4_url": null, 
    "slug": "extreme-crossword-2", 
    "swf_file_size": 865780, 
    "swf_url": "http://games.mochiads.com/c/g/extreme-crossword-2/ExtremeCrossword2_mochi.swf", 
    "tags": [
        "crossword", 
        "crosswords", 
        "words", 
        "word", 
        "puzzle", 
        "extreme", 
        "fun"
    ], 
    "thumbnail_large_url": null, 
    "thumbnail_url": "http://thumbs.mochiads.com/c/g/extreme-crossword-2/_thumb_100x100.jpg", 
    "updated": "2011-05-19T11:42:28-08:00", 
    "uuid": "5199d844-a8bb-3bf4-bb19-6aa14f21feaf", 
    "video_url": null, 
    "width": 600, 
    "zip_url": "http://games.mochiads.com/c/g/extreme-crossword-2.zip"
}