{
    "author": "Melon", 
    "author_link": "https://www.mochimedia.com/community/profile/Melon", 
    "categories": [
        "Board Game", 
        "Other", 
        "Puzzles"
    ], 
    "control_scheme": {
        "fire": "na", 
        "jump": "na", 
        "movement": "na"
    }, 
    "controls": [
        [
            "fire", 
            "na"
        ], 
        [
            "jump", 
            "na"
        ], 
        [
            "movement", 
            "na"
        ]
    ], 
    "created": "2009-07-19T02:08:06-08:00", 
    "description": "An exploration of word manipulation through a single button interface.", 
    "developer": "Melon", 
    "developer_url": "https://www.mochimedia.com/community/profile/Melon", 
    "feed_approval_created": "2009-07-19T07:59:14-08:00", 
    "game_tag": "451ea3d2fd775c55", 
    "game_url": "http://www.mochimedia.com/games/space-invader_v2", 
    "height": 480, 
    "instructions": "In this game you play the part of the space invader.\r\nInvade the space before the time runs out!", 
    "key_mappings": "", 
    "leaderboard_enabled": true, 
    "name": "Space Invader", 
    "rating": "Everyone", 
    "recommendation": 2, 
    "recommended": false, 
    "resolution": "640x480", 
    "slug": "space-invader_v2", 
    "swf_file_size": 1489401, 
    "swf_url": "http://games.mochiads.com/c/g/space-invader_v2/SpaceInvader.swf", 
    "tags": [
        "dictionary.com", 
        "space", 
        "vocabulary", 
        "word game", 
        "puzzle", 
        "words", 
        "scrabble", 
        "kids", 
        "adults", 
        "English", 
        "educational", 
        "text", 
        "learning", 
        "invader", 
        "retro"
    ], 
    "thumbnail_url": "http://thumbs.mochiads.com/c/g/space-invader_v2/_thumb_100x100.jpg", 
    "updated": "2009-07-31T22:34:25-08:00", 
    "uuid": "5c5248e7-670c-3fb9-8095-071c8939cc3a", 
    "width": 640, 
    "zip_url": "http://cdn.mochiads.com/c/g/space-invader_v2.zip"
}