{
    "alternate_url": "http://www.gimme5games.com/play-game/blocks-with-letters-on-3", 
    "author": "MattS", 
    "author_link": "https://www.mochimedia.com/community/profile/MattS", 
    "categories": [
        "Other", 
        "Puzzles"
    ], 
    "category": "Puzzles", 
    "coins_enabled": null, 
    "coins_revshare_enabled": null, 
    "control_scheme": "{\"fire\": \"na\", \"jump\": \"na\", \"movement\": \"arrow\"}", 
    "controls": [
        [
            "fire", 
            "na"
        ], 
        [
            "jump", 
            "na"
        ], 
        [
            "movement", 
            "arrow"
        ]
    ], 
    "created": "2010-04-23T06:44:20-08:00", 
    "description": "The latest edition of the brain-bending anagram puzzle game!", 
    "developer": "MattS", 
    "developer_url": "https://www.mochimedia.com/community/profile/MattS", 
    "feed_approval_created": "2010-09-13T22:33:12-08:00", 
    "game_tag": "f4186bcc0e2b2ebe", 
    "game_url": "http://www.mochimedia.com/games/blocks-with-letters-on-3", 
    "height": 590, 
    "instructions": "", 
    "key_mappings": "", 
    "languages": [], 
    "leaderboard_enabled": false, 
    "metascore": 31.63, 
    "name": "Blocks With Letters On 3", 
    "rating": "Everyone", 
    "recommendation": 2, 
    "recommended": false, 
    "resolution": "768x590", 
    "screen1_thumb": null, 
    "screen1_url": null, 
    "screen2_thumb": null, 
    "screen2_url": null, 
    "screen3_thumb": null, 
    "screen3_url": null, 
    "screen4_thumb": null, 
    "screen4_url": null, 
    "slug": "blocks-with-letters-on-3", 
    "swf_file_size": 2741761, 
    "swf_url": "http://games.mochiads.com/c/g/blocks-with-letters-on-3/BWLO%203%20E.swf", 
    "tags": [
        "words", 
        "letters", 
        "anagram", 
        "puzzle", 
        "blocks", 
        "blocks with letters on", 
        "bwlo", 
        "logic", 
        "crossword", 
        "scrabble", 
        "animation", 
        "cartoon", 
        "humour", 
        "marty sears", 
        "gimme5games"
    ], 
    "thumbnail_large_url": null, 
    "thumbnail_url": "http://thumbs.mochiads.com/c/g/blocks-with-letters-on-3/_thumb_100x100.jpg", 
    "updated": "2011-01-13T10:10:42-08:00", 
    "uuid": "24c55dc1-0db9-333f-b35a-961696b7794a", 
    "video_url": null, 
    "width": 768, 
    "zip_url": "http://games.mochiads.com/c/g/blocks-with-letters-on-3.zip"
}