{
    "alternate_url": "http://learnenglish.games.littlenex.com/Apo/Learn_English_Games_Apothecary.php", 
    "author": "LittleNex", 
    "author_link": "https://www.mochimedia.com/community/profile/LittleNex", 
    "categories": [
        "Education", 
        "Other"
    ], 
    "category": "Education", 
    "coins_enabled": null, 
    "coins_revshare_enabled": null, 
    "control_scheme": "{\"fire\": \"na\", \"jump\": \"na\", \"movement\": \"mouse\"}", 
    "controls": [
        [
            "fire", 
            "na"
        ], 
        [
            "jump", 
            "na"
        ], 
        [
            "movement", 
            "mouse"
        ]
    ], 
    "created": "2010-01-11T20:56:38-08:00", 
    "description": "Build your vocabulary with this etymology (word formation) trivia game! Get to know the most common Latin and Greek prefixes and suffixes in the English language. Learn new words with their definition, identify their roots and their meaning to be more articulate in English, more accurate in your choice of words, and to improve your writing skills and spelling.", 
    "developer": "LittleNex", 
    "developer_url": "https://www.mochimedia.com/community/profile/LittleNex", 
    "feed_approval_created": "2010-01-18T13:19:09-08:00", 
    "game_tag": "90583a76515abe31", 
    "game_url": "http://www.mochimedia.com/games/the-apothecarys-cellar_v1", 
    "height": 385, 
    "instructions": "Just left-click on an answer!", 
    "key_mappings": "", 
    "languages": [], 
    "leaderboard_enabled": true, 
    "metascore": 59.56, 
    "name": "The Apothecary's cellar", 
    "rating": "Everyone", 
    "recommendation": 3, 
    "recommended": false, 
    "resolution": "501x385", 
    "screen1_thumb": null, 
    "screen1_url": null, 
    "screen2_thumb": null, 
    "screen2_url": null, 
    "screen3_thumb": null, 
    "screen3_url": null, 
    "screen4_thumb": null, 
    "screen4_url": null, 
    "slug": "the-apothecarys-cellar_v1", 
    "swf_file_size": 426971, 
    "swf_url": "http://games.mochiads.com/c/g/the-apothecarys-cellar_v1/Apothecary.swf", 
    "tags": [
        "Learn English", 
        "educational game", 
        "English learning game", 
        "etymology", 
        "trivia game"
    ], 
    "thumbnail_large_url": null, 
    "thumbnail_url": "http://thumbs.mochiads.com/c/g/the-apothecarys-cellar_v1/_thumb_100x100.jpg", 
    "updated": "2010-12-30T19:38:55-08:00", 
    "uuid": "41d4a444-aa61-36d4-b345-c356f8032c7c", 
    "video_url": null, 
    "width": 501, 
    "zip_url": "http://games.mochiads.com/c/g/the-apothecarys-cellar_v1.zip"
}