{
    "alternate_url": null, 
    "author": "Samgine", 
    "author_link": "https://www.mochimedia.com/community/profile/Samgine", 
    "categories": [
        "Board Game", 
        "Other", 
        "Puzzles"
    ], 
    "category": "Board Game", 
    "coins_enabled": null, 
    "coins_revshare_enabled": null, 
    "control_scheme": "{\"fire\": \"na\", \"jump\": \"na\", \"movement\": \"mouse\"}", 
    "controls": [
        [
            "fire", 
            "na"
        ], 
        [
            "jump", 
            "na"
        ], 
        [
            "movement", 
            "mouse"
        ]
    ], 
    "created": "2009-07-16T11:08:00-08:00", 
    "description": "A word game where you form words both left to right and up and down.", 
    "developer": "Samgine", 
    "developer_url": "https://www.mochimedia.com/community/profile/Samgine", 
    "feed_approval_created": "2009-07-20T16:56:53-08:00", 
    "game_tag": "b87d099c769d884b", 
    "game_url": "http://www.mochimedia.com/games/crossword-scramble", 
    "height": 480, 
    "instructions": "Move letter tiles to form unique words left to right and up to down before time runs out. Big words, consecutive words and advanced words score more points.", 
    "key_mappings": "", 
    "leaderboard_enabled": true, 
    "name": "Crossword Scramble", 
    "rating": "Everyone", 
    "recommendation": 3, 
    "recommended": false, 
    "resolution": "640x480", 
    "screen1_thumb": null, 
    "screen1_url": null, 
    "screen2_thumb": null, 
    "screen2_url": null, 
    "screen3_thumb": null, 
    "screen3_url": null, 
    "screen4_thumb": null, 
    "screen4_url": null, 
    "slug": "crossword-scramble", 
    "swf_file_size": 1067722, 
    "swf_url": "http://games.mochiads.com/c/g/crossword-scramble/crossword-scramble.swf", 
    "tags": [
        "dictionary.com", 
        "crossword", 
        "word", 
        "words", 
        "puzzles", 
        "scramble", 
        "letter", 
        "letters", 
        "word puzzle", 
        "word puzzles", 
        "word game", 
        "word games", 
        "boggle", 
        "scrabble", 
        "jumble", 
        "word jumble", 
        "unscramble"
    ], 
    "thumbnail_large_url": null, 
    "thumbnail_url": "http://thumbs.mochiads.com/c/g/crossword-scramble/_thumb_100x100.png", 
    "updated": "2009-08-26T12:12:46-08:00", 
    "uuid": "86f85fcf-8761-3de1-9ed2-e5827e6a73d4", 
    "video_url": null, 
    "width": 640, 
    "zip_url": "http://cdn.mochiads.com/c/g/crossword-scramble.zip"
}