{
    "alternate_url": null, 
    "author": "webbiz", 
    "author_link": "https://www.mochimedia.com/community/profile/webbiz", 
    "categories": [
        "Adventure", 
        "Board Game", 
        "Education", 
        "Other", 
        "Puzzles", 
        "Strategy"
    ], 
    "category": "Puzzles", 
    "coins_enabled": null, 
    "coins_revshare_enabled": null, 
    "control_scheme": {
        "fire": "na", 
        "jump": "na", 
        "movement": "wasd"
    }, 
    "controls": [
        [
            "fire", 
            "na"
        ], 
        [
            "jump", 
            "na"
        ], 
        [
            "movement", 
            "wasd"
        ]
    ], 
    "created": "2010-12-14T02:15:51-08:00", 
    "description": "Unscramble words related to Christmas Happy holidays have fun get in the holiday spirit", 
    "developer": "webbiz", 
    "developer_url": "https://www.mochimedia.com/community/profile/webbiz", 
    "feed_approval_created": null, 
    "game_tag": "94187afff4648305", 
    "game_url": "http://www.mochimedia.com/games/christmas-word-finders_v28879", 
    "height": "600", 
    "instructions": "", 
    "key_mappings": "", 
    "leaderboard_enabled": false, 
    "metascore": 0.0, 
    "name": "Christmas Word Finders", 
    "rating": "Everyone", 
    "recommendation": 0, 
    "recommended": false, 
    "resolution": "550x600", 
    "screen1_thumb": null, 
    "screen1_url": null, 
    "screen2_thumb": null, 
    "screen2_url": null, 
    "screen3_thumb": null, 
    "screen3_url": null, 
    "screen4_thumb": null, 
    "screen4_url": null, 
    "slug": "christmas-word-finders_v28879", 
    "swf_file_size": 42088, 
    "swf_url": "http://games.mochiads.com/c/g/christmas-word-finders_v28879/ChristmasWordFinder.swf", 
    "tags": [
        "Words", 
        "Christmas", 
        "Search", 
        "Find", 
        "Scramble", 
        "Mixup", 
        "Mix", 
        "word", 
        "Holiday"
    ], 
    "thumbnail_large_url": null, 
    "thumbnail_url": "http://games.mochiads.com/c/g/christmas-word-finders_v28879/_thumb_100x100.jpg", 
    "updated": "2010-12-14T02:25:34-08:00", 
    "uuid": "315083b2-25a1-3023-b7f7-012153a5b995", 
    "video_url": null, 
    "width": "550", 
    "zip_url": "http://games.mochiads.com/c/g/christmas-word-finders_v28879.zip"
}