{
    "alternate_url": "", 
    "author": "johnhattan", 
    "author_link": "https://www.mochimedia.com/community/profile/johnhattan", 
    "categories": [
        "Driving", 
        "Puzzles"
    ], 
    "category": "Driving", 
    "coins_enabled": null, 
    "coins_revshare_enabled": null, 
    "control_scheme": "{\"fire\": \"na\", \"jump\": \"na\", \"movement\": \"na\"}", 
    "controls": [
        [
            "fire", 
            "na"
        ], 
        [
            "jump", 
            "na"
        ], 
        [
            "movement", 
            "na"
        ]
    ], 
    "created": "2009-09-03T11:15:09-08:00", 
    "description": "Make your own hangman puzzles and share them on social networks with hangtwit!", 
    "developer": "johnhattan", 
    "developer_url": "https://www.mochimedia.com/community/profile/johnhattan", 
    "feed_approval_created": "2009-09-28T09:52:40-08:00", 
    "game_tag": "46ad56ae47da2821", 
    "game_url": "http://www.mochimedia.com/games/hangtwit", 
    "height": 320, 
    "instructions": "This is a traditional hangman game. Click letters at the bottom of the game (or use your keyboard) to make guesses. You have a number of available guesses. If you guess the word or phrase without being \"hanged\", you win!", 
    "key_mappings": "", 
    "leaderboard_enabled": false, 
    "name": "hangtwit", 
    "rating": "Everyone", 
    "recommendation": 2, 
    "recommended": false, 
    "resolution": "480x320", 
    "screen1_thumb": null, 
    "screen1_url": null, 
    "screen2_thumb": null, 
    "screen2_url": null, 
    "screen3_thumb": null, 
    "screen3_url": null, 
    "screen4_thumb": null, 
    "screen4_url": null, 
    "slug": "hangtwit", 
    "swf_file_size": 198220, 
    "swf_url": "http://games.mochiads.com/c/g/hangtwit/hangtwit.swf", 
    "tags": [
        "hangman", 
        "word game", 
        "twitter", 
        "facebook"
    ], 
    "thumbnail_large_url": null, 
    "thumbnail_url": "http://thumbs.mochiads.com/c/g/hangtwit/_thumb_100x100.jpg", 
    "updated": "2009-12-17T08:16:05-08:00", 
    "uuid": "25f4b82c-7289-361b-a41c-3599d20360b0", 
    "video_url": null, 
    "width": 480, 
    "zip_url": "http://cdn.mochiads.com/c/g/hangtwit.zip"
}