{
    "achievements_enabled": false, 
    "alternate_url": "http://www.gamesgrinder.com/games/wizword/", 
    "author": "lyngogames", 
    "author_link": "https://www.mochimedia.com/community/profile/lyngogames", 
    "categories": [
        "Other", 
        "Puzzles"
    ], 
    "category": "Puzzles", 
    "coins_enabled": null, 
    "coins_revshare_enabled": null, 
    "control_scheme": "{\"fire\": \"left_mouse\", \"jump\": \"na\", \"movement\": \"mouse\"}", 
    "controls": [
        [
            "fire", 
            "left_mouse"
        ], 
        [
            "jump", 
            "na"
        ], 
        [
            "movement", 
            "mouse"
        ]
    ], 
    "created": "2011-09-09T06:25:17-08:00", 
    "description": "Fit all of the words onto the grid within the time limit. Score more points for placing the words faster!", 
    "developer": "lyngogames", 
    "developer_url": "https://www.mochimedia.com/community/profile/lyngogames", 
    "feed_approval_created": null, 
    "game_tag": "59d8aac8380645a0", 
    "game_url": "http://www.mochimedia.com/games/wizword", 
    "height": 540, 
    "instructions": "Move the current word with the mouse. Click to place it on the grid. When the word is highlighted green it is in a valid position and can be placed. When the word is highlighted red it does not fit correctly in the current position and cannot be placed. Fit all of the words onto the grid like a crossword! Press any key or use the onscreen \"rotate\" button to change the orientation of the word from horizontal to vertical.", 
    "key_mappings": "", 
    "languages": [
        "en"
    ], 
    "leaderboard_enabled": false, 
    "metascore": 35.63, 
    "name": "wizword", 
    "rating": "Everyone", 
    "recommendation": 3, 
    "recommended": false, 
    "resolution": "700x540", 
    "screen1_thumb": null, 
    "screen1_url": null, 
    "screen2_thumb": null, 
    "screen2_url": null, 
    "screen3_thumb": null, 
    "screen3_url": null, 
    "screen4_thumb": null, 
    "screen4_url": null, 
    "slug": "wizword", 
    "swf_file_size": 131044, 
    "swf_url": "http://games.mochiads.com/c/g/wizword/wizword.swf", 
    "tags": [
        "wizword", 
        "crossword", 
        "word play", 
        "word grid", 
        "words", 
        "word game", 
        "letters", 
        "letter game", 
        "word search", 
        "en"
    ], 
    "thumbnail_large_url": null, 
    "thumbnail_url": "http://games.mochiads.com/c/g/wizword/_thumb_100x100.png", 
    "updated": "2011-09-10T02:08:33-08:00", 
    "uuid": "ff9e515a-5cef-3e37-a537-a38f9bb1d8fc", 
    "video_url": null, 
    "width": 700, 
    "zip_url": "http://games.mochiads.com/c/g/wizword.zip"
}