{
    "alternate_url": "http://www.kosoftgo.com/didyouknowchristmas/didyouknowchristmas.html", 
    "author": "OliverKO", 
    "author_link": "https://www.mochimedia.com/community/profile/OliverKO", 
    "categories": [
        "Education", 
        "Other", 
        "Puzzles"
    ], 
    "category": "Other", 
    "coins_enabled": null, 
    "coins_revshare_enabled": null, 
    "control_scheme": "{\"fire\": \"na\", \"jump\": \"na\", \"movement\": \"na\"}", 
    "controls": [
        [
            "fire", 
            "na"
        ], 
        [
            "jump", 
            "na"
        ], 
        [
            "movement", 
            "na"
        ]
    ], 
    "created": "2009-12-14T05:55:11-08:00", 
    "description": "The Quiz Game for Christmas Know-It-Alls!", 
    "developer": "OliverKO", 
    "developer_url": "https://www.mochimedia.com/community/profile/OliverKO", 
    "feed_approval_created": "2009-12-18T14:06:12-08:00", 
    "game_tag": "f9020033bdc92387", 
    "game_url": "http://www.mochimedia.com/games/did-you-know-christmas", 
    "height": 600, 
    "instructions": "Try to answer a series of Christmas trivia questions as quickly as possible to score maximum points!", 
    "key_mappings": "", 
    "leaderboard_enabled": true, 
    "metascore": 49.020000000000003, 
    "name": "Did You Know: Christmas", 
    "rating": "Everyone", 
    "recommendation": 3, 
    "recommended": false, 
    "resolution": "700x600", 
    "screen1_thumb": "http://thumbs.mochiads.com/c/g/did-you-know-christmas/screen1_thumb.jpg", 
    "screen1_url": "http://thumbs.mochiads.com/c/g/did-you-know-christmas/screen1.jpg", 
    "screen2_thumb": null, 
    "screen2_url": null, 
    "screen3_thumb": null, 
    "screen3_url": null, 
    "screen4_thumb": null, 
    "screen4_url": null, 
    "slug": "did-you-know-christmas", 
    "swf_file_size": 127332, 
    "swf_url": "http://games.mochiads.com/c/g/did-you-know-christmas/DidYouKnowChristmas.swf", 
    "tags": [
        "christmas", 
        "didyouknowchristmas", 
        "didyouknow", 
        "quiz", 
        "gadget", 
        "trivia"
    ], 
    "thumbnail_large_url": null, 
    "thumbnail_url": "http://thumbs.mochiads.com/c/g/did-you-know-christmas/_thumb_100x100.jpg", 
    "updated": "2010-03-29T15:00:18-08:00", 
    "uuid": "3c8c35b4-cc76-347e-a631-df696a20427b", 
    "video_url": null, 
    "width": 700, 
    "zip_url": "http://games.mochiads.com/c/g/did-you-know-christmas.zip"
}