{
    "alternate_url": "http://www.youngwriters.co.uk/anna-gram-educational-word-game.html", 
    "author": "bonacia", 
    "author_link": "https://www.mochimedia.com/community/profile/bonacia", 
    "categories": [
        "Education", 
        "Puzzles"
    ], 
    "category": "Education", 
    "coins_enabled": null, 
    "coins_revshare_enabled": null, 
    "control_scheme": "{\"fire\": \"na\", \"jump\": \"na\", \"movement\": \"na\"}", 
    "controls": [
        [
            "fire", 
            "na"
        ], 
        [
            "jump", 
            "na"
        ], 
        [
            "movement", 
            "na"
        ]
    ], 
    "created": "2011-06-08T00:12:57-08:00", 
    "description": "Anna Gram has accidentally muddled up the letters of her words! Help her to rearrange them back to how they should be. Two difficulty settings, including an easy one for beginners.", 
    "developer": "bonacia", 
    "developer_url": "https://www.mochimedia.com/community/profile/bonacia", 
    "feed_approval_created": null, 
    "game_tag": "cd4d02e8de07a9d8", 
    "game_url": "http://www.mochimedia.com/games/young-writers-anna-gram", 
    "height": 480, 
    "instructions": "", 
    "key_mappings": "", 
    "languages": [
        "en"
    ], 
    "leaderboard_enabled": true, 
    "metascore": 31.63, 
    "name": "Anna Gram", 
    "rating": "Everyone", 
    "recommendation": 2, 
    "recommended": false, 
    "resolution": "640x480", 
    "screen1_thumb": null, 
    "screen1_url": null, 
    "screen2_thumb": null, 
    "screen2_url": null, 
    "screen3_thumb": null, 
    "screen3_url": null, 
    "screen4_thumb": null, 
    "screen4_url": null, 
    "slug": "young-writers-anna-gram", 
    "swf_file_size": 770195, 
    "swf_url": "http://games.mochiads.com/c/g/young-writers-anna-gram/ANNA%20GRAM%20GAME.swf", 
    "tags": [
        "anagrams", 
        "educational", 
        "word games", 
        "anagram", 
        "words", 
        "english", 
        "english games", 
        "school games", 
        "games for schools", 
        "en"
    ], 
    "thumbnail_large_url": null, 
    "thumbnail_url": "http://games.mochiads.com/c/g/young-writers-anna-gram/_thumb_100x100.jpg", 
    "updated": "2011-06-14T05:43:03-08:00", 
    "uuid": "77fffecb-d0fd-3c1f-9e30-f35c35e4dccc", 
    "video_url": null, 
    "width": 640, 
    "zip_url": "http://games.mochiads.com/c/g/young-writers-anna-gram.zip"
}