{
    "alternate_url": "http://learnenglish.games.littlenex.com/AK/Learn_English_Games_AnimalKingdom.php", 
    "author": "LittleNex", 
    "author_link": "https://www.mochimedia.com/community/profile/LittleNex", 
    "categories": [
        "Education", 
        "Other"
    ], 
    "category": "Education", 
    "coins_enabled": null, 
    "coins_revshare_enabled": null, 
    "control_scheme": "{\"fire\": \"na\", \"jump\": \"na\", \"movement\": \"mouse\"}", 
    "controls": [
        [
            "fire", 
            "na"
        ], 
        [
            "jump", 
            "na"
        ], 
        [
            "movement", 
            "mouse"
        ]
    ], 
    "created": "2010-01-12T19:25:20-08:00", 
    "description": "A hidden word game to build your English vocabulary from basic words to more specialized terms. This word search game is a good exercise for speed reading and accurate spelling. Attain a higher level of literacy and become more articulate as you memorize both common and complex words.", 
    "developer": "LittleNex", 
    "developer_url": "https://www.mochimedia.com/community/profile/LittleNex", 
    "feed_approval_created": "2010-01-14T17:45:33-08:00", 
    "game_tag": "40e063682f8262b0", 
    "game_url": "http://www.mochimedia.com/games/animal-kingdom_v1", 
    "height": 655, 
    "instructions": "Click and drag to select a word you recognize from the list of words to find. \r\n\r\nWords can be read horizontally, vertically and diagonally, forward and backward.", 
    "key_mappings": "", 
    "leaderboard_enabled": true, 
    "metascore": 57.420000000000002, 
    "name": "Animal Kingdom", 
    "rating": "Everyone", 
    "recommendation": 2, 
    "recommended": false, 
    "resolution": "820x655", 
    "screen1_thumb": null, 
    "screen1_url": null, 
    "screen2_thumb": null, 
    "screen2_url": null, 
    "screen3_thumb": null, 
    "screen3_url": null, 
    "screen4_thumb": null, 
    "screen4_url": null, 
    "slug": "animal-kingdom_v1", 
    "swf_file_size": 453146, 
    "swf_url": "http://games.mochiads.com/c/g/animal-kingdom_v1/New_AnimalKingdom.swf", 
    "tags": [
        "Learn English", 
        "educational games", 
        "build English vocabulary", 
        "cross words", 
        "hidden words", 
        "mots caches"
    ], 
    "thumbnail_large_url": null, 
    "thumbnail_url": "http://thumbs.mochiads.com/c/g/animal-kingdom_v1/_thumb_100x100.jpg", 
    "updated": "2010-04-19T15:21:10-08:00", 
    "uuid": "df7ed716-cbaf-3609-a12e-af76c8260305", 
    "video_url": null, 
    "width": 820, 
    "zip_url": "http://games.mochiads.com/c/g/animal-kingdom_v1.zip"
}