{
    "alternate_url": "http://www.flashoodles.com/?p=6", 
    "author": "vinila", 
    "author_link": "https://www.mochimedia.com/community/profile/vinila", 
    "categories": [
        "Education", 
        "Puzzles"
    ], 
    "category": "Puzzles", 
    "coins_enabled": null, 
    "coins_revshare_enabled": null, 
    "control_scheme": "{\"fire\": \"na\", \"jump\": \"na\", \"movement\": \"na\"}", 
    "controls": [
        [
            "fire", 
            "na"
        ], 
        [
            "jump", 
            "na"
        ], 
        [
            "movement", 
            "na"
        ]
    ], 
    "created": "2010-10-06T13:14:35-08:00", 
    "description": "Making Words is an addictive and challenging word puzzle game. Move the tiles on the board to create horizontal or vertical words. Every time you create a word, the tiles forming that word will be removed from the board. Be careful though, each move that does not create a word will add more tiles to the board.\r\n\r\nThe goal is to find as much words as you can before the board is full.", 
    "developer": "vinila", 
    "developer_url": "https://www.mochimedia.com/community/profile/vinila", 
    "feed_approval_created": "2010-10-08T18:19:15-08:00", 
    "game_tag": "decf8a82f4677848", 
    "game_url": "http://www.mochimedia.com/games/making-words", 
    "height": 550, 
    "instructions": "", 
    "key_mappings": "", 
    "languages": [], 
    "leaderboard_enabled": true, 
    "metascore": 59.47, 
    "name": "Making Words", 
    "rating": "Everyone", 
    "recommendation": 2, 
    "recommended": false, 
    "resolution": "600x550", 
    "screen1_thumb": "http://games.mochiads.com/c/g/making-words/screen1_thumb.png", 
    "screen1_url": "http://games.mochiads.com/c/g/making-words/screen1.png", 
    "screen2_thumb": "http://games.mochiads.com/c/g/making-words/screen2_thumb.png", 
    "screen2_url": "http://games.mochiads.com/c/g/making-words/screen2.png", 
    "screen3_thumb": "http://games.mochiads.com/c/g/making-words/screen3_thumb.png", 
    "screen3_url": "http://games.mochiads.com/c/g/making-words/screen3.png", 
    "screen4_thumb": null, 
    "screen4_url": null, 
    "slug": "making-words", 
    "swf_file_size": 1752786, 
    "swf_url": "http://games.mochiads.com/c/g/making-words/MakingWords_M.swf", 
    "tags": [
        "Word", 
        "Crossword", 
        "Scrabble", 
        "Puzzle"
    ], 
    "thumbnail_large_url": "http://games.mochiads.com/c/g/making-words/_thumb_200x200.jpg", 
    "thumbnail_url": "http://games.mochiads.com/c/g/making-words/_thumb_100x100.png", 
    "updated": "2011-01-13T16:45:20-08:00", 
    "uuid": "cfcf2cf7-e326-3e5a-80e3-74beb9b9c67d", 
    "video_url": null, 
    "width": 600, 
    "zip_url": "http://games.mochiads.com/c/g/making-words.zip"
}