{
    "alternate_url": "", 
    "author": "visingenii", 
    "author_link": "https://www.mochimedia.com/community/profile/visingenii", 
    "categories": [
        "Board Game", 
        "Education", 
        "Other", 
        "Puzzles"
    ], 
    "category": "Puzzles", 
    "coins_enabled": null, 
    "coins_revshare_enabled": null, 
    "control_scheme": "{\"fire\": \"na\", \"jump\": \"na\", \"movement\": \"na\"}", 
    "controls": [
        [
            "fire", 
            "na"
        ], 
        [
            "jump", 
            "na"
        ], 
        [
            "movement", 
            "na"
        ]
    ], 
    "created": "2009-08-27T01:33:00-08:00", 
    "description": "Free Words is a classic word game. The goal of the game is to rearrange some letters in order to produce a new word. Challenge time and guess  as many words you can in one minute. It includes TWL and ODS Scrabble standards.", 
    "developer": "visingenii", 
    "developer_url": "https://www.mochimedia.com/community/profile/visingenii", 
    "feed_approval_created": "2009-09-01T09:31:19-08:00", 
    "game_tag": "4947b497747d11be", 
    "game_url": "http://www.mochimedia.com/games/free-words-by-flashgamesfan_com", 
    "height": 550, 
    "instructions": "", 
    "key_mappings": "", 
    "leaderboard_enabled": true, 
    "name": "Free Words by FlashGamesFan.com", 
    "rating": "Everyone", 
    "recommendation": 3, 
    "recommended": false, 
    "resolution": "600x550", 
    "screen1_thumb": null, 
    "screen1_url": null, 
    "screen2_thumb": null, 
    "screen2_url": null, 
    "screen3_thumb": null, 
    "screen3_url": null, 
    "screen4_thumb": null, 
    "screen4_url": null, 
    "slug": "free-words-by-flashgamesfan_com", 
    "swf_file_size": 974148, 
    "swf_url": "http://games.mochiads.com/c/g/free-words-by-flashgamesfan_com/freewords_mochi.swf", 
    "tags": [
        "logic", 
        "anagrams", 
        "puzzles", 
        "words"
    ], 
    "thumbnail_large_url": null, 
    "thumbnail_url": "http://thumbs.mochiads.com/c/g/free-words-by-flashgamesfan_com/_thumb_100x100.jpg", 
    "updated": "2009-09-15T15:32:06-08:00", 
    "uuid": "dd7f83cc-e485-34b0-9d75-1ee58f978d7c", 
    "video_url": null, 
    "width": 600, 
    "zip_url": "http://cdn.mochiads.com/c/g/free-words-by-flashgamesfan_com.zip"
}