{
    "alternate_url": "", 
    "author": "dana22cc", 
    "author_link": "https://www.mochimedia.com/community/profile/dana22cc", 
    "categories": [
        "Action", 
        "Education", 
        "Other", 
        "Puzzles"
    ], 
    "category": "Puzzles", 
    "coins_enabled": null, 
    "coins_revshare_enabled": null, 
    "control_scheme": "{\"fire\": \"na\", \"jump\": \"na\", \"movement\": \"mouse\"}", 
    "controls": [
        [
            "fire", 
            "na"
        ], 
        [
            "jump", 
            "na"
        ], 
        [
            "movement", 
            "mouse"
        ]
    ], 
    "created": "2009-12-22T06:44:39-08:00", 
    "description": "Search for the words of your Christmas message.", 
    "developer": "dana22cc", 
    "developer_url": "https://www.mochimedia.com/community/profile/dana22cc", 
    "feed_approval_created": "2009-12-23T11:07:50-08:00", 
    "game_tag": "23b6112ea965bab7", 
    "game_url": "http://www.mochimedia.com/games/christmas-search_v1", 
    "height": 400, 
    "instructions": "", 
    "key_mappings": "", 
    "leaderboard_enabled": true, 
    "metascore": 45.310000000000002, 
    "name": "Christmas Search", 
    "rating": "Everyone", 
    "recommendation": 3, 
    "recommended": false, 
    "resolution": "550x400", 
    "screen1_thumb": null, 
    "screen1_url": null, 
    "screen2_thumb": null, 
    "screen2_url": null, 
    "screen3_thumb": null, 
    "screen3_url": null, 
    "screen4_thumb": null, 
    "screen4_url": null, 
    "slug": "christmas-search_v1", 
    "swf_file_size": 242037, 
    "swf_url": "http://games.mochiads.com/c/g/christmas-search_v1/christmas_search.swf", 
    "tags": [
        "wordsearch", 
        "christmas", 
        "snowman. words", 
        "story"
    ], 
    "thumbnail_large_url": null, 
    "thumbnail_url": "http://thumbs.mochiads.com/c/g/christmas-search_v1/_thumb_100x100.jpg", 
    "updated": "2010-12-21T06:20:51-08:00", 
    "uuid": "508de549-9a47-3b8d-97d6-a6a69d2b436e", 
    "video_url": null, 
    "width": 550, 
    "zip_url": "http://games.mochiads.com/c/g/christmas-search_v1.zip"
}