{
    "alternate_url": "http://www.gimme5games.com/play-game/blocks-with-letters-on", 
    "author": "MattS", 
    "author_link": "https://www.mochimedia.com/community/profile/MattS", 
    "categories": [
        "Other", 
        "Puzzles"
    ], 
    "category": "Puzzles", 
    "coins_enabled": null, 
    "coins_revshare_enabled": null, 
    "control_scheme": "{\"fire\": \"left_mouse\", \"jump\": \"na\", \"movement\": \"arrow\"}", 
    "controls": [
        [
            "fire", 
            "left_mouse"
        ], 
        [
            "jump", 
            "na"
        ], 
        [
            "movement", 
            "arrow"
        ]
    ], 
    "created": "2008-09-03T03:50:07-08:00", 
    "description": "The classic brain-bending, block-shifting anagram puzzle game!", 
    "developer": "MattS", 
    "developer_url": "https://www.mochimedia.com/community/profile/MattS", 
    "feed_approval_created": "2008-09-29T09:11:33-08:00", 
    "game_tag": "56349100988846fd", 
    "game_url": "http://www.mochimedia.com/games/blocks-with-letters-on_v1", 
    "height": 590, 
    "instructions": "", 
    "key_mappings": "", 
    "languages": [], 
    "leaderboard_enabled": false, 
    "metascore": 72.16, 
    "name": "Blocks With Letters On", 
    "rating": "Everyone", 
    "recommendation": 4, 
    "recommended": true, 
    "resolution": "768x590", 
    "screen1_thumb": null, 
    "screen1_url": null, 
    "screen2_thumb": null, 
    "screen2_url": null, 
    "screen3_thumb": null, 
    "screen3_url": null, 
    "screen4_thumb": null, 
    "screen4_url": null, 
    "slug": "blocks-with-letters-on_v1", 
    "swf_file_size": 2945114, 
    "swf_url": "http://games.mochiads.com/c/g/blocks-with-letters-on_v1/BWLO.swf", 
    "tags": [
        "words", 
        "letters", 
        "anagram", 
        "puzzle", 
        "blocks", 
        "blocks with letters on", 
        "bwlo", 
        "logic", 
        "crossword", 
        "scrabble", 
        "animation", 
        "cartoon", 
        "humour", 
        "marty sears", 
        "gimme5games"
    ], 
    "thumbnail_large_url": null, 
    "thumbnail_url": "http://thumbs.mochiads.com/c/g/blocks-with-letters-on_v1/_thumb_100x100.jpg", 
    "updated": "2011-01-04T07:57:40-08:00", 
    "uuid": "5984079b-706f-3c98-94aa-283079de5a06", 
    "video_url": null, 
    "width": 768, 
    "zip_url": "http://games.mochiads.com/c/g/blocks-with-letters-on_v1.zip"
}