{
    "alternate_url": "", 
    "author": "mbxgames", 
    "author_link": "https://www.mochimedia.com/community/profile/mbxgames", 
    "categories": [
        "Adventure", 
        "Puzzles"
    ], 
    "category": "Puzzles", 
    "coins_enabled": null, 
    "coins_revshare_enabled": null, 
    "control_scheme": "{\"fire\": \"na\", \"jump\": \"na\", \"movement\": \"na\"}", 
    "controls": [
        [
            "fire", 
            "na"
        ], 
        [
            "jump", 
            "na"
        ], 
        [
            "movement", 
            "na"
        ]
    ], 
    "created": "2009-09-17T06:37:21-08:00", 
    "description": "A word game which mixes the logic of crossword & hangman.", 
    "developer": "mbxgames", 
    "developer_url": "https://www.mochimedia.com/community/profile/mbxgames", 
    "feed_approval_created": "2009-09-17T12:31:59-08:00", 
    "game_tag": "3b1b44e96bb9e263", 
    "game_url": "http://www.mochimedia.com/games/meaning-fall", 
    "height": 530, 
    "instructions": "Help the warrior cross the watery caverns. Read the word definitions and guess the words that are hidden behind the clouds. Bonus points for getting letter-streaks.", 
    "key_mappings": "", 
    "leaderboard_enabled": true, 
    "metascore": 66.230000000000004, 
    "name": "Meaning Fall", 
    "rating": "Everyone", 
    "recommendation": 4, 
    "recommended": true, 
    "resolution": "640x530", 
    "screen1_thumb": null, 
    "screen1_url": null, 
    "screen2_thumb": null, 
    "screen2_url": null, 
    "screen3_thumb": null, 
    "screen3_url": null, 
    "screen4_thumb": null, 
    "screen4_url": null, 
    "slug": "meaning-fall", 
    "swf_file_size": 681072, 
    "swf_url": "http://games.mochiads.com/c/g/meaning-fall/game.swf", 
    "tags": [
        "dictionary.com", 
        "word", 
        "game", 
        "hangman", 
        "crossword", 
        "platform", 
        "puzzle"
    ], 
    "thumbnail_large_url": null, 
    "thumbnail_url": "http://thumbs.mochiads.com/c/g/meaning-fall/_thumb_100x100.jpg", 
    "updated": "2010-11-19T09:25:32-08:00", 
    "uuid": "67306235-527e-3492-b040-c356077b1812", 
    "video_url": null, 
    "width": 640, 
    "zip_url": "http://games.mochiads.com/c/g/meaning-fall.zip"
}