{
    "author": "dizzy2005", 
    "author_link": "https://www.mochimedia.com/community/profile/dizzy2005", 
    "categories": [
        "Other", 
        "Puzzles"
    ], 
    "control_scheme": {
        "fire": "na", 
        "jump": "na", 
        "movement": "na"
    }, 
    "controls": [
        [
            "fire", 
            "na"
        ], 
        [
            "jump", 
            "na"
        ], 
        [
            "movement", 
            "na"
        ]
    ], 
    "created": "2009-02-17T22:21:10-08:00", 
    "description": "Use up the falling letters before they reach the bottom of the screen by spelling out words as fast as you can!", 
    "developer": "dizzy2005", 
    "developer_url": "https://www.mochimedia.com/community/profile/dizzy2005", 
    "feed_approval_created": "2009-03-13T13:36:46-08:00", 
    "game_tag": "b15f36754d0a04f4", 
    "game_url": "http://www.mochimedia.com/games/word-rain_v1", 
    "height": "480", 
    "instructions": "Click on several letters to make a word, to finish the word click the last letter again. Deselect letters by clicking the background.", 
    "key_mappings": "", 
    "leaderboard_enabled": true, 
    "name": "Word Rain", 
    "rating": "Everyone", 
    "recommendation": 2, 
    "recommended": false, 
    "resolution": "640x480", 
    "slug": "word-rain_v1", 
    "swf_file_size": 1232872, 
    "swf_url": "http://games.mochiads.com/c/g/word-rain_v1/WordRain.swf", 
    "tags": [
        "dictionary.com", 
        "word", 
        "spelling", 
        "dictionary", 
        "addictive", 
        "educational", 
        "anagram", 
        "words", 
        "scrabble"
    ], 
    "thumbnail_url": "http://cdn.mochiads.com/c/g/word-rain_v1/_thumb_100x100.jpg", 
    "updated": "2009-03-13T13:36:49-08:00", 
    "uuid": "cf74cbc3-0a74-3b0d-9ae4-497a49cd4877", 
    "width": "640", 
    "zip_url": "http://cdn.mochiads.com/c/g/word-rain_v1.zip"
}