{
    "alternate_url": "", 
    "author": "Tristage", 
    "author_link": "https://www.mochimedia.com/community/profile/Tristage", 
    "categories": [
        "Board Game", 
        "Education", 
        "Other"
    ], 
    "category": "Education", 
    "coins_enabled": null, 
    "coins_revshare_enabled": null, 
    "control_scheme": "{\"fire\": \"na\", \"jump\": \"na\", \"movement\": \"na\"}", 
    "controls": [
        [
            "fire", 
            "na"
        ], 
        [
            "jump", 
            "na"
        ], 
        [
            "movement", 
            "na"
        ]
    ], 
    "created": "2011-05-03T19:06:22-08:00", 
    "description": "The Guillotine is back in this hangman style game!  Just how long can you last in this game of words?", 
    "developer": "Tristage", 
    "developer_url": "https://www.mochimedia.com/community/profile/Tristage", 
    "feed_approval_created": null, 
    "game_tag": "4711466f6e33a40d", 
    "game_url": "http://www.mochimedia.com/games/theguillotine", 
    "height": 450, 
    "instructions": "Use the keyboard to guess the letters that make up each word.", 
    "key_mappings": "", 
    "languages": [], 
    "leaderboard_enabled": false, 
    "metascore": 27.63, 
    "name": "Guillotine", 
    "rating": "Teen", 
    "recommendation": 1, 
    "recommended": false, 
    "resolution": "600x450", 
    "screen1_thumb": null, 
    "screen1_url": null, 
    "screen2_thumb": null, 
    "screen2_url": null, 
    "screen3_thumb": null, 
    "screen3_url": null, 
    "screen4_thumb": null, 
    "screen4_url": null, 
    "slug": "theguillotine", 
    "swf_file_size": 486636, 
    "swf_url": "http://games.mochiads.com/c/g/theguillotine/guillotine.swf", 
    "tags": [
        "hangman", 
        "hang man", 
        "puzzle", 
        "guillotine", 
        "french revolution", 
        "word game"
    ], 
    "thumbnail_large_url": null, 
    "thumbnail_url": "http://games.mochiads.com/c/g/theguillotine/_thumb_100x100.jpg", 
    "updated": "2011-05-05T20:43:50-08:00", 
    "uuid": "37e77f10-1b8e-38ec-93c5-8029826ee74c", 
    "video_url": null, 
    "width": 600, 
    "zip_url": "http://games.mochiads.com/c/g/theguillotine.zip"
}