{
    "author": "dizzy2005", 
    "author_link": "https://www.mochimedia.com/community/profile/dizzy2005", 
    "categories": [
        "Other", 
        "Puzzles"
    ], 
    "control_scheme": {
        "fire": "na", 
        "jump": "na", 
        "movement": "na"
    }, 
    "controls": [
        [
            "fire", 
            "na"
        ], 
        [
            "jump", 
            "na"
        ], 
        [
            "movement", 
            "na"
        ]
    ], 
    "created": "2009-02-08T02:52:29-08:00", 
    "description": "Unscramble the letters to make a word.\r\nUnscramble as many as you can in 3 minutes", 
    "developer": "dizzy2005", 
    "developer_url": "https://www.mochimedia.com/community/profile/dizzy2005", 
    "feed_approval_created": "2009-04-16T08:19:41-08:00", 
    "game_tag": "abb6fc0e7b850d25", 
    "game_url": "http://www.mochimedia.com/games/just-type-the-word-idiot_", 
    "height": "480", 
    "instructions": "Unscramble the letters to make a word.\r\nUnscramble as many as you can in 3 minutes\r\nSpace to skip the word\r\nReturn to re scramble the word.\r\nOn easy Mose the first letter is not scrambled", 
    "key_mappings": "", 
    "leaderboard_enabled": true, 
    "name": "Swizzled", 
    "rating": "Everyone", 
    "recommendation": 3, 
    "recommended": false, 
    "resolution": "640x480", 
    "slug": "just-type-the-word-idiot_", 
    "swf_file_size": 1182521, 
    "swf_url": "http://games.mochiads.com/c/g/just-type-the-word-idiot_/Swizzled2.swf", 
    "tags": [
        "dictionary.com", 
        "word dictionary scrabble anagram puzzle adult"
    ], 
    "thumbnail_url": "http://cdn.mochiads.com/c/g/just-type-the-word-idiot_/_thumb_100x100.jpg", 
    "updated": "2009-04-16T08:19:44-08:00", 
    "uuid": "fc08c92d-1464-3b38-bd9c-27d29727caf0", 
    "width": "640", 
    "zip_url": "http://cdn.mochiads.com/c/g/just-type-the-word-idiot_.zip"
}