{
    "alternate_url": null, 
    "author": "wildharmonystudio", 
    "author_link": "https://www.mochimedia.com/community/profile/wildharmonystudio", 
    "categories": [
        "Adventure", 
        "Puzzles"
    ], 
    "category": "Puzzles", 
    "coins_enabled": null, 
    "coins_revshare_enabled": null, 
    "control_scheme": "{\"fire\": \"left_mouse\", \"jump\": \"na\", \"movement\": \"mouse\"}", 
    "controls": [
        [
            "fire", 
            "left_mouse"
        ], 
        [
            "jump", 
            "na"
        ], 
        [
            "movement", 
            "mouse"
        ]
    ], 
    "created": "2010-09-15T04:52:02-08:00", 
    "description": "You are trapped in a room and must escape. The door lock has letters, but there aren't any hint about what word can open it.", 
    "developer": "wildharmonystudio", 
    "developer_url": "https://www.mochimedia.com/community/profile/wildharmonystudio", 
    "feed_approval_created": null, 
    "game_tag": "80671c9b637a5b27", 
    "game_url": "http://www.mochimedia.com/games/anagram-escape", 
    "height": 550, 
    "instructions": "", 
    "key_mappings": "", 
    "leaderboard_enabled": false, 
    "metascore": 56.640000000000001, 
    "name": "Anagram Escape", 
    "rating": "Everyone", 
    "recommendation": 2, 
    "recommended": false, 
    "resolution": "640x550", 
    "screen1_thumb": null, 
    "screen1_url": null, 
    "screen2_thumb": null, 
    "screen2_url": null, 
    "screen3_thumb": null, 
    "screen3_url": null, 
    "screen4_thumb": null, 
    "screen4_url": null, 
    "slug": "anagram-escape", 
    "swf_file_size": 788440, 
    "swf_url": "http://games.mochiads.com/c/g/anagram-escape/anagram-escape_mochi.swf", 
    "tags": [
        "escape game", 
        "anagram game"
    ], 
    "thumbnail_large_url": "http://games.mochiads.com/c/g/anagram-escape/_thumb_200x200.jpg", 
    "thumbnail_url": "http://games.mochiads.com/c/g/anagram-escape/_thumb_100x100.jpg", 
    "updated": "2010-10-07T08:59:04-08:00", 
    "uuid": "bc25728a-a443-3418-aa12-61be319cbd5b", 
    "video_url": null, 
    "width": 640, 
    "zip_url": "http://games.mochiads.com/c/g/anagram-escape.zip"
}