{
    "alternate_url": "http://www.gimme5games.com/play-game/more-blocks-with-letters-on", 
    "author": "MattS", 
    "author_link": "https://www.mochimedia.com/community/profile/MattS", 
    "categories": [
        "Other", 
        "Puzzles"
    ], 
    "category": "Puzzles", 
    "coins_enabled": null, 
    "coins_revshare_enabled": null, 
    "control_scheme": "{\"fire\": \"space\", \"jump\": \"na\", \"movement\": \"arrow\"}", 
    "controls": [
        [
            "fire", 
            "space"
        ], 
        [
            "jump", 
            "na"
        ], 
        [
            "movement", 
            "arrow"
        ]
    ], 
    "created": "2009-01-05T07:12:33-08:00", 
    "description": "More Puzzles. More Blocks. More Letters. More FUN!", 
    "developer": "MattS", 
    "developer_url": "https://www.mochimedia.com/community/profile/MattS", 
    "feed_approval_created": "2009-01-09T10:46:49-08:00", 
    "game_tag": "b8cc0c934c1f03f9", 
    "game_url": "http://www.mochimedia.com/games/more-blocks-with-letters-on", 
    "height": 590, 
    "instructions": "", 
    "key_mappings": "", 
    "languages": [], 
    "leaderboard_enabled": false, 
    "metascore": 66.17, 
    "name": "More Blocks with Letters On", 
    "rating": "Everyone", 
    "recommendation": 4, 
    "recommended": true, 
    "resolution": "768x590", 
    "screen1_thumb": null, 
    "screen1_url": null, 
    "screen2_thumb": null, 
    "screen2_url": null, 
    "screen3_thumb": null, 
    "screen3_url": null, 
    "screen4_thumb": null, 
    "screen4_url": null, 
    "slug": "more-blocks-with-letters-on", 
    "swf_file_size": 2717187, 
    "swf_url": "http://games.mochiads.com/c/g/more-blocks-with-letters-on/BWLO%202.swf", 
    "tags": [
        "words", 
        "letters", 
        "anagram", 
        "puzzle", 
        "blocks", 
        "blocks with letters on", 
        "bwlo", 
        "logic", 
        "crossword", 
        "scrabble", 
        "animation", 
        "cartoon", 
        "humour", 
        "marty sears", 
        "gimme5games"
    ], 
    "thumbnail_large_url": null, 
    "thumbnail_url": "http://thumbs.mochiads.com/c/g/more-blocks-with-letters-on/_thumb_100x100.jpg", 
    "updated": "2010-12-13T08:59:48-08:00", 
    "uuid": "f0aa7aa3-0aa0-388c-9098-7174b3e968d2", 
    "video_url": null, 
    "width": 768, 
    "zip_url": "http://games.mochiads.com/c/g/more-blocks-with-letters-on.zip"
}